ts_hour,topic_id,topic_label,leader_channels,velocity_sum,video_count,channel_count,zscore,rising_flag,rising_score,sample_title
2025-09-19 13:00:00+00:00,0,"‡∂ª‡∂¢‡∂∏‡∑Ñ‡∑è ‡∑Ä‡∑í‡∑Ñ‡∑è‡∂ª‡∑É‡∑ä‡∂Æ‡∑è‡∂±‡∂∫‡∑ö, ‡∑Ñ‡∑í‡∂ß‡∂¥‡∑î ‡∂¢‡∂±‡∂¥‡∂≠‡∑í, ‡∂Ø‡∑ô‡∂ª‡∂´‡∑è‡∂∑‡∑í‡∑Ä‡∂±‡∑ä‡∂Ø‡∂±‡∑è ‡∑É‡∂¢‡∑ì‡∑Ä","Ada Derana, ITN News, Siyatha TV",19.500934837392318,99,9,19.500934837392318,1,100.0,‡∂∂‡∑í‡∂±‡∂ª ‡∂¥‡∑ù‡∂∫ ‡∑Ä‡∑ô‡∂±‡∑î‡∑Ä‡∑ô‡∂±‡∑ä ‡∑É‡∑í‡∂ª‡∑É‡∑è ‡∂±‡∂∏‡∑è‡∂∏‡∑ì ‡∂∏‡∑Ñ‡∑í‡∂∫‡∂Ç‡∂ú‡∂´‡∂∫‡∂ß.. ‡∂Ö‡∑Ä‡∑É‡∂±‡∑ä ‡∂ª‡∂±‡∑ä‡∂Ø‡∑ù‡∂Ω‡∑ì ‡∂¥‡∑ô‡∂ª‡∑Ñ‡∂ª‡∂ß ‡∑É‡∑í‡∂∫‡∂Ω‡∑ä‡∂Ω ‡∑É‡∑ñ‡∂Ø‡∑è‡∂±‡∂∏‡∑ä..!
2025-09-19 13:00:00+00:00,1,"Season 02, Deweni Inima, 02 Episode",TV Derana,0.4041087897880068,83,1,0.4041087897880068,0,8.1,‡∂Ø‡∑ê‡∂±‡∑ä ‡∂ë‡∂∫‡∑è‡∂ú‡∑ô‡∂±‡∑ä ‡∂≠‡∑ú‡∂ª ‡∂Ω‡∑ù‡∂ö‡∂∫‡∂ö‡∑ä ‡∂±‡∑ê‡∑Ñ‡∑ê! | Sangeethe Season 02
2025-09-19 13:00:00+00:00,2,"Adaraniya Minisek, ‡∂Ü‡∂Ø‡∂ª‡∂´‡∑ì‡∂∫ ‡∂∏‡∑í‡∂±‡∑í‡∑É‡∑ô‡∂ö‡∑ä, Rupavahini TeleDrama",Sri Lanka Rupavahini,2.9277796088233835e-26,16,1,2.9277796088233835e-26,0,0.0,Adaraniya Minisek | ‡∂Ü‡∂Ø‡∂ª‡∂´‡∑ì‡∂∫ ‡∂∏‡∑í‡∂±‡∑í‡∑É‡∑ô‡∂ö‡∑ä | Episode 02 - (2025-08-02) | Rupavahini TeleDrama
2025-09-19 13:00:00+00:00,3,"ITN News, News 2025, 2025 09",ITN News,0.14656378148463947,60,1,0.14656378148463947,0,2.9,BREAKING NEWS | ITN News 2025-09.10
2025-09-19 13:00:00+00:00,4,"Vanakkam Nethra, Nethra ‡Æµ‡Æ£‡Æï‡Øç‡Æï‡ÆÆ‡Øç, ‡Æµ‡Æ£‡Æï‡Øç‡Æï‡ÆÆ‡Øç ‡Æ®‡Øá‡Æ§‡Øç‡Æ∞‡Ææ",NethraTV,0.004581265513550108,119,1,0.004581265513550108,0,0.1,Vanakkam Nethra | ‡Æµ‡Æ£‡Æï‡Øç‡Æï‡ÆÆ‡Øç ‡Æ®‡Øá‡Æ§‡Øç‡Æ∞‡Ææ | 2025-08-27 | Nethra TV
2025-09-19 13:00:00+00:00,5,"Sindhu ‡∑É‡∑í‡∂±‡∑ä‡∂∞‡∑ñ, ‡∑É‡∑í‡∂±‡∑ä‡∂∞‡∑ñ shorts, ‡∂ª‡∑è‡∂≠‡∑ä ‡∂ª‡∑ì","ITN News, Sirasa TV, Siyatha TV",22.46848778898644,87,8,22.46848778898644,1,100.0,‡∂Ö‡∂ö‡∑ä‡∂ö‡∂≠‡∑ä ‡∂ë‡∂ö‡∑ä‡∂ö ‡∂∂‡∑ë‡∂±‡∑ö ‡∂â‡∂≠‡∑í‡∂±‡∑ä | Maharaani
2025-09-19 13:00:00+00:00,6,"‡∂ª‡∑è‡∂≠‡∑ä ‡∂ª‡∑ì, 30 ‡∂ß, ‡∑É‡∂≠‡∑í ‡∂Ö‡∂ú",Sri Lanka Rupavahini,0.0691929708880604,192,1,0.0691929708880604,0,1.4,‡∂Ö‡∂±‡∑ö ‡∂Ø‡∑î‡∑Ä‡∑ö ‡∂¥‡∑ú‡∂©‡∑ä‡∂©‡∂ö‡∑ä ‡∂â‡∂±‡∑ä‡∂±‡∂ö‡∑ù..THE LAKE | Season 02 - ‡∑É‡∂≠‡∑í ‡∂Ö‡∂ú ‡∂ª‡∑è‡∂≠‡∑ä‚Äç‡∂ª‡∑ì 8.30 ‡∂ß
2025-09-19 13:00:00+00:00,7,"‡∂∏‡∑è‡∂±‡∑Ä ‡∑Ñ‡∑í‡∂∏‡∑í‡∂ö‡∂∏‡∑ä, ‡∂¢‡∑í‡∂±‡∑ì‡∑Ä‡∑è ‡∂∏‡∑è‡∂±‡∑Ä, ‡∑Å‡∑ä ‡∂ª‡∑ì","Hiru News, ITN News, TV Derana",6.310437692737952,106,8,6.310437692737952,1,100.0,‡∂∏‡∂ª‡∂Ø‡∑è‡∂± ‡∂Ø‡∑î‡∂∏‡∑ä‡∂ª‡∑í‡∂∫ ‡∑É‡∑ä‡∂Æ‡∑è‡∂±‡∂∫ ‡∂±‡∑Ä‡∑ì‡∂ö‡∂ª‡∂´ ‡∑Ä‡∑ä‚Äç‡∂∫‡∑è‡∂¥‡∑ò‡∂≠‡∑í‡∂∫ ‡∂¢‡∂±‡∂¥‡∂≠‡∑í ‡∂¥‡∑ä‚Äç‡∂ª‡∂∞‡∑è‡∂±‡∂≠‡∑ä‡∑Ä‡∂∫‡∑ô‡∂±‡∑ä ‡∂á‡∂ª‡∂π‡∑ô‡∂∫‡∑í | Maradana Railway Station
2025-09-19 13:00:00+00:00,8,"siyathatv shorts, shorts tharupirire, ‡∂ª‡∂±‡∑ä‡∑Ä‡∂±‡∑ä ‡∑Ä‡∂≠",Siyatha TV,21.127366002961207,42,1,21.127366002961207,1,100.0,‡∑É‡∂≥ ‡∂ú‡∑í‡∂Ω‡∑î‡∂±‡∂≠‡∑ä ‡∑Ñ‡∑í‡∂ª‡∑î ‡∂ú‡∑í‡∂Ω‡∑î‡∂±‡∂≠‡∑ä.. üíï siyathatv #shorts #tharupirire
2025-09-19 13:00:00+00:00,9,"7 00, 00 pm, Nethra TV",NethraTV,0.0020322478001258805,88,1,0.0020322478001258805,0,0.0,2025-07-04 | Nethra TV Tamil News 7.00 pm | ‡Æ®‡Øá‡Æ§‡Øç‡Æ∞‡Ææ TV ‡Æ§‡ÆÆ‡Æø‡Æ¥‡Øç ‡Æö‡ØÜ‡ÆØ‡Øç‡Æ§‡Æø ‡Æá‡Æ∞‡Æµ‡ØÅ ‡Æ®‡Øá‡Æ∞ 7.00 pm
2025-09-19 13:00:00+00:00,10,"Daskon ‡∂Ø‡∑É‡∑ä‡∂ö‡∑ú‡∂±‡∑ä, ‡∂Ø‡∑É‡∑ä‡∂ö‡∑ú‡∂±‡∑ä Episode, 2025 Swarnavahini",Swarnavahini TV,21.083470357949345,63,1,21.083470357949345,1,100.0,Daskon (‡∂Ø‡∑É‡∑ä‡∂ö‡∑ú‡∂±‡∑ä) | Episode 14 | 11th July 2025 | Swarnavahini
2025-09-19 13:00:00+00:00,11,"Hiripoda Wessa, Wessa ‡∑Ñ‡∑í‡∂ª‡∑í‡∂¥‡∑ú‡∂Ø, ‡∑Ñ‡∑í‡∂ª‡∑í‡∂¥‡∑ú‡∂Ø ‡∑Ä‡∑ê‡∑É‡∑ä‡∑É",Swarnavahini TV,0.005585247637702438,65,1,0.005585247637702438,0,0.1,Hiripoda Wessa (‡∑Ñ‡∑í‡∂ª‡∑í‡∂¥‡∑ú‡∂Ø ‡∑Ä‡∑ê‡∑É‡∑ä‡∑É) | Episode 228 | 04th August 2025 | Swarnavahini
2025-09-19 13:00:00+00:00,12,"2025 Sirasa, Sirasa TV, August 2025",Sirasa TV,0.008579308973630101,70,1,0.008579308973630101,0,0.2,Sansara (‡∑É‡∂Ç‡∑É‡∑è‡∂ª‡∑è) | Episode 13 | 03rd September 2025 | Sirasa TV
2025-09-19 13:00:00+00:00,13,"‡∂∏‡∑è‡∂ª‡∂ö ‡∑É‡∂ª‡∑ä‡∂ö‡∑É‡∑ä, ‡∑É‡∂ª‡∑ä‡∂ö‡∑É‡∑ä Dance, Dance Of",Sri Lanka Rupavahini,1.248956712388956e-115,41,1,1.248956712388956e-115,0,0.0,‡∂∏‡∑è‡∂ª‡∂ö ‡∑É‡∂ª‡∑ä‡∂ö‡∑É‡∑ä | Dance Of The Death | Episode 25 - (2025-08-20) | Rupavahini TeleDrama
2025-09-19 13:00:00+00:00,14,"Pirimi Lamai, Lamai ‡∂¥‡∑í‡∂ª‡∑í‡∂∏‡∑í, ‡∂¥‡∑í‡∂ª‡∑í‡∂∏‡∑í ‡∑Ö‡∂∏‡∂∫‡∑í",Swarnavahini TV,0.013383661014604883,65,1,0.013383661014604883,0,0.3,Pirimi Lamai (‡∂¥‡∑í‡∂ª‡∑í‡∂∏‡∑í ‡∑Ö‡∂∏‡∂∫‡∑í) | Episode 208 | 02nd September 2025 | Swarnavahini
2025-09-19 13:00:00+00:00,15,"‡∂ö‡∑ä ‡∂ª‡∑í‡∂∫‡∑è‡∂≠‡∑ä‡∂∏‡∂ö, ‡∂¥‡∑Ö‡∑è‡∂≠‡∑ä ‡∂¥‡∑è‡∂Ω‡∂±, ‡∂∏‡∂≠‡∑ä‡∂Ø‡∑ä ‡∂ª‡∑Ä‡∑ä","ITN News, Siyatha TV, Sri Lanka Rupavahini",2.069944303002968,137,8,2.069944303002968,1,41.4,‡∑É‡∂∏‡∑è‡∂¢‡∂∫‡∑ö ‡∂Ö‡∂∑‡∑í‡∑Ä‡∑ò‡∂Ø‡∑ä‡∂∞‡∑í‡∂∫ ‡∑Ä‡∑ô‡∂±‡∑î‡∑Ä‡∑ô‡∂±‡∑ä ‡∂ö‡∑ê‡∂¥‡∑Ä‡∑ì ‡∂ö‡∂ß‡∂∫‡∑î‡∂≠‡∑î ‡∂ö‡∑Ö ‡∂ú‡∑î‡∂ª‡∑î ‡∑Ä‡∑í‡∂Ø‡∑î‡∑Ñ‡∂Ω‡∑ä‡∂¥‡∂≠‡∑í‡∑Ä‡∂ª‡∑î‡∂±‡∑ä ‡∂Ö‡∂ú‡∂∫‡∂∫‡∑í
2025-09-19 13:00:00+00:00,16,"tvderana deranalk, deranalk shorts, shorts sithanidina",TV Derana,9.304645598507272e-06,22,1,9.304645598507272e-06,0,0.0,‡∑É‡∑è‡∂ú‡∂ª‡∑Ä ‡∂∏‡∑í‡∂±‡∑í‡∑Ñ‡∑ô‡∂ö‡∑ä ‡∂ö‡∂ª‡∂¥‡∑î ‡∂í ‡∑Ä‡∂†‡∂± ‡∂ß‡∑í‡∂ö! ü•∫ü•∫ #tvderana #deranalk #shorts #sithanidina
2025-09-19 13:00:00+00:00,17,"Sri Lanka, concerns on, raises concerns","Ada Derana, Daily Mirror Online, Siyatha TV",1.4608825263286582e-07,52,6,1.4608825263286582e-07,0,0.0,Speaker raises concerns on quality of food served in Parliament
2025-09-19 13:00:00+00:00,18,"in several, of the, several areas","Ada Derana, Daily Mirror Online, Sri Lanka Rupavahini",0.004722206328439272,117,3,0.004722206328439272,0,0.1,Intermittent rains and thundershowers expected in several areas of the country from today evening
2025-09-19 13:00:00+00:00,19,"‡∂∏‡∑í‡∂Ω‡∂Ø‡∑ì ‡∂ú‡∂±‡∑í‡∂∫‡∑í, ‡∂ú‡∂±‡∑ä‡∂±‡∑ö ‡∂±‡∑ë, ‡∂∏‡∂≠‡∑ä‡∂Ø‡∑ä ‡∂ª‡∑Ä‡∑ä","Hiru News, ITN News, Siyatha TV",1.2342818367131783,74,9,1.2342818367131783,0,24.7,‡∑É‡∂∏‡∑Ñ‡∂ª ‡∂á‡∂≠‡∑ä‡∂≠ ‡∂Ø‡∂ª‡∑è‡∂ú‡∂±‡∑ä‡∂± ‡∂ß‡∑í‡∂ö‡∂ö‡∑ä ‡∂Ö‡∂∏‡∑è‡∂ª‡∑î‡∂∫‡∑í | Nikini Kusum
2025-09-19 13:00:00+00:00,20,"‡∂©‡∑ú‡∂Ω‡∂ª‡∑ä ‡∂∂‡∑í‡∂Ω‡∑í‡∂∫‡∂±, ‡∂Ω‡∂∫‡∑í‡∂ß‡∑ä ‡∂∂‡∑í‡∂Ω, ‡∂±‡∑è‡∂∏‡∂Ω‡∑ä ‡∂ö‡∂ª‡∑î‡∂´‡∑è‡∂ª‡∂≠‡∑ä‡∂±","Hiru News, Newsfirst Sri Lanka, Siyatha TV",1.6458620087099893,104,9,1.6458620087099893,0,32.9,"‡∂±‡∑è‡∂∏‡∂Ω‡∑ä‡∂ú‡∑ô‡∂±‡∑ä, ‡∑Ä‡∂ß‡∂ú‡∂Ω‡∂ß ‡∂ë‡∂±‡∑ä‡∂≠‡∂ª‡∑Ä‡∑è‡∑É‡∑í‡∂∫‡∂ö‡∑ä!"
2025-09-19 13:00:00+00:00,21,"09 2025, 07 09, 09 09","Ada Derana, Newsfirst Sri Lanka, Siyatha TV",2.229217883150425,48,3,2.229217883150425,1,44.6,The Breakfast Rundown with Zulfick Farzan | 08-09-2025
2025-09-19 13:00:00+00:00,22,"deranalk deranalk, deranalk iskole, deranalk maharaani",TV Derana,2.1366730129417255e-06,29,1,2.1366730129417255e-06,0,0.0,‡∂ö‡∑ú‡∑Ñ‡∑ô‡∂±‡∑ä‡∂Ø ‡∂∂‡∂±‡∑ä ‡∂ö‡∑î‡∂∏‡∂ª‡∑í‡∂∫‡∑ú? ü§£ #deranalk #deranalk #iskole
2025-09-19 13:00:00+00:00,23,"Rata Pawula, ‡∂ª‡∂ß ‡∂¥‡∑Ä‡∑î‡∂Ω, Pawula ‡∂ª‡∂ß","Sri Lanka Rupavahini, Swarnavahini TV",1.014620801354285e-24,38,2,1.014620801354285e-24,0,0.0,‚ù§24 LOVE STORYüéØ‡∑É‡∑ê‡∂¥‡∑ä‡∂≠‡∑ê‡∂∏‡∑ä‡∂∂‡∂ª‡∑ä ‡∂¥‡∑Ö‡∂∏‡∑î ‡∑Ä‡∂± ‡∂Ø‡∑í‡∂± ‡∑É‡∑í‡∂ß ‡∑É‡∂≠‡∑í‡∂∫‡∑ö ‡∂Ø‡∑í‡∂±‡∑Ä‡∂Ω ‡∂ª‡∑è‡∂≠‡∑ä‚Äç‡∂ª‡∑ì 7.30 ‡∂ß ‡∂¢‡∑è‡∂≠‡∑í‡∂ö ‡∂ª‡∑ñ‡∂¥‡∑Ä‡∑è‡∑Ñ‡∑í‡∂±‡∑í‡∂∫‡∑ô‡∂±‡∑ä..
2025-09-19 13:00:00+00:00,24,"Siyatha TV, 2025 Siyatha, Live Siyatha",Siyatha TV,0.16004463333123667,86,1,0.16004463333123667,0,3.2,‡∑É‡∑í‡∂∫‡∂≠ 16 ‡∑Ä‡∑É‡∂ª‡∂ö ‡∑É‡∂Ç‡∑Ä‡∂≠‡∑ä‡∑É‡∂ª ‡∑Ñ‡∂ª‡∑É‡∂ª || Siyatha Tv
2025-09-19 13:00:00+00:00,25,"‡∂∏‡∑ö ‡∑Ä‡∂ú‡∑ö, ‡∂í ‡∑Ä‡∂ú‡∑ö, ‡∑Ä‡∂ú‡∑ö ‡∂±‡∑ö","ITN News, Siyatha TV, TV Derana",3.2799089910318676e-08,59,9,3.2799089910318676e-08,0,0.0,‡∂¥‡∑î‡∂Ç‡∂†‡∑í ‡∑Ä‡∂ú‡∑ö ‡∂±‡∂∏‡∑ä ‡∑Ñ‡∑ê‡∂Ø‡∑ô‡∂±‡∑ä‡∂± ‡∂ë‡∂¥‡∑è üò•
2025-09-19 13:00:00+00:00,26,"Adaraneeya Jeewithaya, 09 2025, ‡∂∏‡∑ô‡∑Ñ‡∑ô‡∂∏‡∂∫‡∑í Adaraneeya",Siyatha TV,0.029761785619957314,76,1,0.029761785619957314,0,0.6,‡∂∫‡∑Ñ‡∂¥‡∂≠‡∑ä ‡∂¥‡∑î‡∂Ø‡∑ä‡∂ú‡∂Ω‡∂∫‡∑í‡∂±‡∑ä ‡∑É‡∂∏‡∑è‡∂¢ ‡∂ú‡∂≠ ‡∑Ä‡∑ô‡∂±‡∑ä‡∂± ‡∂±‡∂∏‡∑ä ‡∑É‡∑ä‡∑Ä‡∂∫‡∂Ç ‡∂ö‡∂Æ‡∂±‡∂∫ ‡∂ö‡∑ú‡∂¥‡∂∏‡∂´ ‡∑Ä‡∑ê‡∂Ø‡∂ú‡∂≠‡∑ä‡∂Ø? | Adaraneeya Jeewithaya
2025-09-19 13:00:00+00:00,27,"‡∂ö‡∂∏‡∑è‡∂±‡∑ä‡∂©‡∑ù ‡∑É‡∂Ω‡∑í‡∂±‡∑ä‡∂≠‡∂ß, ‡∂Ö‡∂Ω‡∑ô‡∑Ä‡∑í ‡∂ö‡∑Ö, ‡∂ö‡∑î‡∂ª‡∑î‡∂ß‡∑î ‡∂ú‡∑ë","Hiru News, ITN News, Newsfirst Sri Lanka",2.753763377957121,49,6,2.753763377957121,1,55.1,‡∑Ä‡∑É‡∂ª‡∑ö ‡∂¥‡∑Ö‡∂∏‡∑î ‡∂∏‡∑è‡∑É 07 ‡∂≠‡∑î‡∑Ö ‡∂Ö‡∂Ω‡∑ä‡∂Ω‡∑É‡∑ä ‡∂ú‡∂≠‡∑ä 49‡∂ö‡∑ä ‡∂Ö‡∂≠‡∑ä‡∂Ö‡∂©‡∂Ç‡∂ú‡∑î‡∑Ä‡∂ß
2025-09-19 13:00:00+00:00,28,"Hithagannama Bari, Bari Kathawak, Kathawak ‡∑Ñ‡∑í‡∂≠‡∑è‡∂ú‡∂±‡∑ä‡∂±‡∂∏",TV Derana,0.27353206984172457,48,1,0.27353206984172457,0,5.5,‡∑Ñ‡∂¥‡∑ä‡∂¥‡∂Ω‡∑è ‡∂ö‡∂Ω‡∂±‡∑ä‡∂≠‡∑ô‡∂≠‡∑ä ‡∂Ø‡∑ê‡∂∏‡∑ä‡∂∏‡∑è | Hithagannama Bari Kathawak
2025-09-19 13:00:00+00:00,29,"Maa ‡∂∏‡∑è, ‡∂∏‡∑è Episode, 2025 Swarnavahini",Swarnavahini TV,0.0060219044389159876,65,1,0.0060219044389159876,0,0.1,Maa (‡∂∏‡∑è) | Episode 46 | 03rd July 2025 | Swarnavahini
2025-09-19 13:00:00+00:00,30,"Hiru News, ‡∑Å‡∑ä ‡∂ª‡∑ì, ‡∂±‡∑ë Hiru",Hiru News,44.78851665023965,181,1,44.78851665023965,1,100.0,‡∂Ö‡∂Ω‡∑î‡∂≠‡∑ä ‡∑Ä‡∑ô‡∂±‡∑ä‡∂± ‡∂∫‡∂± ‡∂∏‡∂ª‡∂Ø‡∑è‡∂± ‡∂Ø‡∑î‡∂∏‡∑ä‡∂ª‡∑í‡∂∫ ‡∑É‡∑ä‡∂Æ‡∑è‡∂±‡∂∫‡∑ö ‡∑Ä‡∑ê‡∂© ‡∂á‡∂ª‡∂π‡∑ñ ‡∂¢‡∂±‡∂¥‡∂≠‡∑í - Hiru News
2025-09-19 13:00:00+00:00,31,"Rupavahini TeleDrama, 2025 09, Ira Hangila",Sri Lanka Rupavahini,0.001294896989904609,44,1,0.001294896989904609,0,0.0,Ira Hangila | ‡∂â‡∂ª‡∑Ñ‡∑ê‡∂Ç‡∂ú‡∑í‡∂Ω‡∑è | Episode 33 - (2025-08-14) | Rupavahini TeleDrama
2025-09-19 13:00:00+00:00,32,"‡∂Ö‡∂Ø ‡∂ª‡∑è‡∂≠‡∑ä, ‡∂ª‡∑è‡∂≠‡∑ä ‡∂ª‡∑ì, ‡∂ª‡∑ì 7","Siyatha TV, Sri Lanka Rupavahini",0.744358631124356,36,2,0.744358631124356,0,14.9,‡∂Ø‡∑ê‡∂ö‡∑ä‡∂ö‡∂±‡∂∏‡∑ä ‡∂á‡∂∫‡∑í ‡∂±‡∑ú‡∂Ø‡∑ê‡∂ö‡∑ä‡∂ö‡∑è ‡∑Ä‡∂ú‡∑ö ‡∂â‡∂±‡∑ä‡∂±‡∑ö || ‡∂Ö‡∂Ø ‡∂ª‡∑è‡∂≠‡∑ä‚Äç‡∂ª‡∑ì 7. 30 ‡∂ß
2025-09-19 13:00:00+00:00,33,"maharaani derana, derana deranalk, ‡∂±‡∑ë maharaani",TV Derana,0.13635152373369763,14,1,0.13635152373369763,0,2.7,‡∑Ä‡∑É‡∂±‡∑ä‡∂≠ ‡∂ë‡∂ö‡∑ä‡∂ö ‡∂Ω‡∑ö‡∑É‡∑í ‡∂±‡∑ë #maharaani #derana #deranalk
2025-09-19 13:00:00+00:00,34,"‡∂Ö‡∂ú‡∂∏‡∑ê‡∂≠‡∑í ‡∑Ñ‡∂ª‡∑í‡∂±‡∑í, ‡∑Ñ‡∂ª‡∑í ‡∂∏‡∂ú, ‡∂î‡∂∫‡∑è ‡∑Ñ‡∂ª‡∑í","Hiru News, ITN News, Siyatha TV",4.4763542513365104e-13,48,8,4.4763542513365104e-13,0,0.0,"‡∂Ö‡∂ú‡∂∏‡∑ê‡∂≠‡∑í ‡∑Ñ‡∂ª‡∑í‡∂±‡∑í ‡∂∏‡∑è‡∂≠‡∂ª‡∂Ø‡∑ì ‡∑É‡∂ª‡∑ä‡∑Ä ‡∂Ü‡∂ú‡∂∏‡∑í‡∂ö ‡∂±‡∑è‡∂∫‡∂ö‡∂∫‡∑í‡∂±‡∑ä ‡∑Ñ‡∂∏‡∑î‡∑Ä‡∑ô‡∂∫‡∑í ""‡∂∏‡∑è‡∂≠‡∂ª‡∂ß ‡∑Ä‡∑í‡∂≠‡∂ª‡∂ö‡∑ä ‡∂±‡∑ô‡∂∏‡∑ô‡∂∫‡∑í.. ‡∂ª‡∂ß‡∂ß‡∂∏ ‡∂∏‡∑ö ‡∂Ö‡∑Ä‡∑Å‡∑ä‚Äç‡∂∫‡∂≠‡∑è‡∑Ä ‡∂≠‡∑í‡∂∫‡∑ô‡∂±‡∑Ä‡∑è''"
2025-09-19 13:00:00+00:00,35,"Sri Lanka, SRI LANKA, GOOD MORNING","Ada Derana, Siyatha TV, Sri Lanka Rupavahini",2.7492031256699006e-17,40,5,2.7492031256699006e-17,0,0.0,Clean Sri Lanka | ‡∂ö‡∑ú‡∑Ö‡∂π ‡∂∏‡∂∞‡∑ä‚Äç‡∂∫‡∂∏ ‡∂∂‡∑É‡∑ä ‡∂±‡∑ê‡∑Ä‡∂≠‡∑î‡∂∏‡∑ä‡∂¥‡∑ú‡∑Ö ‡∂±‡∑Ä‡∑ì‡∂ö‡∂ª‡∂´ ‡∑Ä‡∑ä‚Äç‡∂∫‡∑è‡∂¥‡∑ò‡∂≠‡∑í‡∂∫‡∑ö ‡∑É‡∂∏‡∑è‡∂ª‡∂∏‡∑ä‡∂∑‡∂∫ | Rupavahini LIVE
2025-09-19 13:00:00+00:00,36,"Festival 2025, ‡∑Å‡∑ä ‡∂ª‡∑ì, ‡∑É‡∂∏‡∑ä‡∂¥‡∂≠‡∑ä ‡∂∏‡∂±‡∂∏‡∑ä‡∂¥‡∑ö‡∂ª‡∑í","Ada Derana, ITN News, TV Derana",2.031106018193017,141,9,2.031106018193017,1,40.6,Maliban Tempo Presents ‡∑É‡∑í‡∂∫‡∂≠ Kite Festival 2025 ‡∑É‡∑ê‡∂¥‡∑ä. 13 ‡∂Ø‡∑Ñ‡∑Ä‡∂Ω‡∑ä 12.00 ‡∂ß ‡∂ú‡∑è‡∂Ω‡∑î ‡∂∏‡∑î‡∑Ä‡∂Ø‡∑ú‡∂ª ‡∂¥‡∑í‡∂ß‡∑í‡∂∫‡∂ß ‡∂ë‡∂±‡∑ä‡∂±...ü™Å
2025-09-19 13:00:00+00:00,37,"Rupavahini English, English News, News 9",Channel Eye Rupavahini,0.00558599975331394,93,1,0.00558599975331394,0,0.1,2025-08-03 | Rupavahini English News | 9.00PM
2025-09-19 13:00:00+00:00,38,"We are, We will, in the",Daily Mirror Online,0.0027012031778002486,65,1,0.0027012031778002486,0,0.1,We have a lot to say during the No Confidence Motion debate
2025-09-19 13:00:00+00:00,39,"tvderana deranalk, deranalk deweniinimaseason2, deranalk kodukari",TV Derana,0.7903887640460647,70,1,0.7903887640460647,0,15.8,‡∂ë‡∂∫‡∑è ‡∂±‡∂∏‡∑ä ‡∂ï‡∂ö‡∑ö #tvderana #deranalk #reels #shorts #bekarigedara
2025-09-19 13:00:00+00:00,40,"to be, to the, state institutions","Ada Derana, Daily Mirror Online, Sri Lanka Rupavahini",0.26680136701645796,122,3,0.26680136701645796,0,5.3,Train 'Samudradevi' derailed while traveling from Galle to Colombo
2025-09-19 13:00:00+00:00,41,"2025 09, ‡∂Ö‡∂Ø ‡∂Ø‡∑ô‡∂ª‡∂´, ‡∂¥‡∑ä ‡∂ª‡∂∞‡∑è‡∂±","Ada Derana, Hiru News",36.695498332372615,44,2,36.695498332372615,1,100.0,‡∑Ñ‡∑í‡∂ª‡∑î ‡∂ª‡∑è‡∂≠‡∑ä‚Äç‡∂ª‡∑ì 9.55 ‡∂¥‡∑ä‚Äç‡∂ª‡∂∞‡∑è‡∂± ‡∂¥‡∑ä‚Äç‡∂ª‡∑Ä‡∑ò‡∂≠‡∑ä‡∂≠‡∑í ‡∑Ä‡∑í‡∂ö‡∑è‡∑Å‡∂∫ - Hiru TV NEWS 9:55 PM LIVE | 2025-09-14
2025-09-19 13:00:00+00:00,42,"Rupavahini TeleDrama, 2025 07, ‡∂â‡∂ª ‡∑Ñ‡∑ê‡∂Ç‡∂ú‡∑í‡∂Ω‡∑è",Sri Lanka Rupavahini,1.3031936539166582e-25,94,1,1.3031936539166582e-25,0,0.0,Ira Hangila | ‡∂â‡∂ª ‡∑Ñ‡∑ê‡∂Ç‡∂ú‡∑í‡∂Ω‡∑è | Episode 28 - (2025-08-06) | Rupavahini TeleDrama
2025-09-19 13:00:00+00:00,43,"of the, govt is, is a","Ada Derana, Daily Mirror Online",0.0614479435809444,96,2,0.0614479435809444,0,1.2,The latest scenes from outside the Fort Magistrate's Court
2025-09-19 13:00:00+00:00,44,"‡∂∏‡∂∞‡∑ä ‡∂∫‡∂∏, ‡∂∫‡∂∏ ‡∂∂‡∑É‡∑ä, ‡∂∏‡∑Ñ‡∑í‡∂±‡∑ä‡∂Ø ‡∂∂‡∂Ω‡∂±‡∑ä‡∂±","Ada Derana, ITN News, TV Derana",3.1227469734246758,59,9,3.1227469734246758,1,62.5,60 ‡∑Ä‡∑É‡∂ª‡∂ö‡∂ß ‡∂¥‡∑É‡∑î ‡∂Ö‡∂Ω‡∑î‡∂≠‡∑ä ‡∑Ä‡∑ô‡∂± ‡∂ö‡∑ú‡∑Ö‡∂π ‡∂∏‡∑ê‡∂Ø ‡∂Ω‡∂Ç‡∂ú‡∂∏ ‡∑Ñ‡∂Ø‡∑Ä‡∂≠ ‡∂¢‡∂±‡∂¥‡∂≠‡∑í ‡∂Ö‡∂≠‡∑í‡∂±‡∑ä ‡∑Ä‡∑ê‡∂© ‡∂á‡∂ª‡∂π‡∑ô‡∂∫‡∑í
2025-09-19 13:00:00+00:00,45,"‡∂¢‡∂±‡∂¥‡∂≠‡∑í‡∑Ä‡∂ª‡∑î‡∂±‡∑ä‡∂ú‡∑ö ‡∑Ñ‡∑í‡∂∏‡∑í‡∂ö‡∂∏‡∑ä, ‡∑Ñ‡∑í‡∂∏‡∑í‡∂ö‡∂∏‡∑ä ‡∂â‡∑Ä‡∂≠‡∑ä, ‡∂â‡∑Ä‡∂≠‡∑ä ‡∂ö‡∑í‡∂ª‡∑ì‡∂∏‡∑ö","ITN News, Newsfirst Sri Lanka, Siyatha TV",33.67131550054443,128,8,33.67131550054443,1,100.0,‡∂¥‡∑í‡∂ß‡∂ö‡∑ú‡∂ß‡∑î‡∑Ä ‡∂∏‡∂∞‡∑ä‚Äç‡∂∫‡∂∏ ‡∂∂‡∑É‡∑ä ‡∂±‡∑ê‡∑Ä‡∂≠‡∑î‡∂∏‡∑ä‡∂¥‡∑ú‡∑Ö ‡∑É‡∂Ç‡∑Ä‡∂ª‡∑ä‡∂∞‡∂±‡∂∫ ‡∂ö‡∑í‡∂ª‡∑ì‡∂∏‡∂ß ‡∂¢‡∂±‡∂¥‡∂≠‡∑í ‡∂Ö‡∂±‡∑î‡∂ª ‡∑Ä‡∑í‡∑Å‡∑ö‡∑Ç ‡∂¥‡∑î‡∑Ä‡∂ª‡∑î‡∑Ä ‡∑Ä‡∑í‡∑Ä‡∑ò‡∂≠ ‡∂ö‡∂ª‡∂∫‡∑í - Hiru News
2025-09-19 13:00:00+00:00,46,"Mahaarani ‡∂∏‡∑Ñ‡∑è‡∂ª‡∑è‡∂´‡∑í, ‡∂∏‡∑Ñ‡∑è‡∂ª‡∑è‡∂´‡∑í Episode, September 2025","Channel Eye Rupavahini, TV Derana",0.005240971121008815,25,2,0.005240971121008815,0,0.1,Mahaarani (‡∂∏‡∑Ñ‡∑è‡∂ª‡∑è‡∂´‡∑í) | Episode 38 | 17th September 2025
2025-09-19 13:00:00+00:00,47,"reelsshorts tvderana, tvderana deranalk, deranalk sangeethe",TV Derana,1.1656472658522891e-06,22,1,1.1656472658522891e-06,0,0.0,‡∂í ‡∂¥‡∑è‡∂ª‡∂±‡∂∏‡∑ä ‡∂ö‡∂Ω‡∂´ ‡∑É‡∂¥‡∑ä‚Äç‡∂ª‡∂∫‡∑í‡∑É‡∑ä ‡∂ã‡∂±‡∑è! üòÆ #reelsshorts #tvderana #deranalk #sangeethe #shorts
2025-09-19 13:00:00+00:00,48,"‡∂ª‡∑Ä‡∑ä ‡∂∫, ‡∂Ø‡∑ä ‡∂ª‡∑Ä‡∑ä, ‡∂ª‡∑É‡∑è‡∂∫‡∂±‡∑í‡∂ö ‡∂Ø‡∑ä","Ada Derana, Hiru News, ITN News",2.8732472169563643e-21,41,6,2.8732472169563643e-21,0,0.0,"‡∂∏‡∑í‡∂Ø‡∑ä‡∂Ø‡∑ô‡∂´‡∑í‡∂∫ , ‡∂ö‡∂≥‡∑è‡∂± ‡∑É‡∑Ñ ‡∂±‡∑ô‡∂ß‡∑ú‡∂Ω‡∑ä‡∂¥‡∑í‡∂ß‡∑í‡∂∫ ‡∂¥‡∑ä‚Äç‡∂ª‚Äç‡∂Ø‡∑ö‡∑Å‡∑Ä‡∂Ω‡∑í‡∂±‡∑ä ‡∑É‡∑ú‡∂∫‡∑è ‡∂ú‡∂≠‡∑ä ‡∂ª‡∑É‡∑è‡∂∫‡∂± ‡∂Ø‡∑ä‚Äç‡∂ª‡∑Ä‡∑ä‚Äç‡∂∫"
2025-09-19 13:00:00+00:00,49,"Take Care, ‡∑É‡∑î‡∂ª‡∑ê‡∂ö‡∑ô‡∂∏‡∑î ‡∂∏‡∂ú‡∂≠‡∑ú‡∂ß, Care ‡∑É‡∑î‡∂ª‡∑ê‡∂ö‡∑ô‡∂∏‡∑î",ITN News,2.1390888976948704e-07,24,1,2.1390888976948704e-07,0,0.0,Take Care ‡∑É‡∑î‡∂ª‡∑ê‡∂ö‡∑ô‡∂∏‡∑î ‡∂∏‡∂ú‡∂≠‡∑ú‡∂ß ‡∂Ö‡∂Ø ‡∂Ö‡∂Ω‡∑Ä‡∑ä‡∑Ä ‡∑Å‡∑ä‚Äç‡∂ª‡∑ì ‡∂ª‡∑è‡∑Ñ‡∑î‡∂Ω ‡∂∏‡∂∞‡∑ä‚Äç‡∂∫ ‡∂∏‡∑Ñ‡∑è ‡∑Ä‡∑í‡∂Ø‡∑ä‚Äç‡∂∫‡∑è‡∂Ω‡∂∫‡∂ß
2025-09-19 13:00:00+00:00,50,"2025 Swarnavahini, Sinto ‡∑É‡∑í‡∂±‡∑ä‡∂ß‡∑ù, ‡∑É‡∑í‡∂±‡∑ä‡∂ß‡∑ù Episode",Swarnavahini TV,0.01347357463373094,90,1,0.01347357463373094,0,0.3,Sinto (‡∑É‡∑í‡∂±‡∑ä‡∂ß‡∑ù) | Episode 196 | 14th July 2025 | Swarnavahini
2025-09-19 13:00:00+00:00,51,"2025 Swarnavahini, Juraliya ‡∂¢‡∑î‡∂ª‡∑è‡∂Ω‡∑í‡∂∫‡∑è, ‡∂¢‡∑î‡∂ª‡∑è‡∂Ω‡∑í‡∂∫‡∑è Episode",Swarnavahini TV,4.8396995394197485e-26,66,1,4.8396995394197485e-26,0,0.0,Juraliya (‡∂¢‡∑î‡∂ª‡∑è‡∂Ω‡∑í‡∂∫‡∑è) | Episode 150 | 25th June 2025 | Swarnavahini
2025-09-19 13:00:00+00:00,52,"‡∂¥‡∑î‡∑Ä‡∂≠‡∑ä ‡∂ö‡∑ô‡∂ß‡∑í‡∂∫‡∑ô‡∂±‡∑ä, ‡∑Å‡∑ä ‡∂ª‡∑ì, ‡∑É‡∑í‡∂ß ‡∑É‡∑í‡∂∫‡∂≠","Hiru News, ITN News, Siyatha TV",0.016378414146733362,111,8,0.016378414146733362,0,0.3,‡∑É‡∂±‡∑è‡∂ú‡∑ö ‡∂Ω‡∑É‡∑ä‡∑É‡∂± ‡∑Ñ‡∑í‡∂±‡∑è‡∑Ä‡∂≠‡∑ä ‡∂ë‡∂ö‡∑ä‡∂ö ‡∂ö‡∑í‡∑Ä‡∑ä‡∑Ä ‡∂Ü‡∂Ω‡∑Ä‡∂±‡∑ä‡∂≠‡∂ö‡∂∏... ü•∞ü•∞‡∑É‡∑ô‡∂±‡∑É‡∑î‡∂ª‡∑è‡∂Ø‡∑è ‡∑É‡∑Ñ ‡∂â‡∂ª‡∑í‡∂Ø‡∑è ‡∂ã‡∂Ø‡∑ë‡∑É‡∂± 11 ‡∑É‡∑í‡∂ß ‡∑É‡∑í‡∂∫‡∂≠ tv ‡∂≠‡∑î‡∑Ö‡∑í‡∂±‡∑ä
2025-09-19 13:00:00+00:00,53,"News 1st, 09 2025, LIVE News",Newsfirst Sri Lanka,65.36793669791055,30,1,65.36793669791055,1,100.0,üî¥LIVE : News 1st: Prime Time English News - 9 PM | 11.09.2025
2025-09-19 13:00:00+00:00,54,"TV Derana, 2025 TV, September 2025","Ada Derana, TV Derana",2.5504629675226323e-13,30,2,2.5504629675226323e-13,0,0.0,The Tenth Derana Lux Film Awards 2025 | Episode 06 | 07th September 2025 | TV Derana
2025-09-19 13:00:00+00:00,55,"deranalk hithagannamabarikathawak, deranalk deranalk, ‡∂±‡∑ê‡∑Ñ‡∑ê deranalk",TV Derana,0.7564105092654458,42,1,0.7564105092654458,0,15.1,‡∂á‡∑Ñ‡∑ê‡∂ö‡∑ä ‡∂ú‡∑Ñ‡∂Ω‡∑è ‡∂±‡∑ù‡∂±‡∑ä‡∂©‡∑í‡∂∫‡∂ö‡∑î‡∂≠‡∑ä ‡∂Ø‡∑ê‡∂∏‡∑ä‡∂∏‡∑è #deranalk #deranalk #hithagannamabarikathawak
2025-09-19 13:00:00+00:00,56,"‡∂ª‡∑è‡∂≠‡∑ä ‡∂ª‡∑ì, ‡∂ª‡∑ì 7, 7 30","Ada Derana, Newsfirst Sri Lanka, TV Derana",17.41362720767857,908,13,17.41362720767857,1,100.0,LIVE üî¥ ‡∂ö‡∑ê‡∂∂‡∑í‡∂±‡∂ß‡∑ä ‡∂≠‡∑ì‡∂ª‡∂´ ‡∂Ø‡∑ê‡∂±‡∑î‡∂∏‡∑ä‡∂Ø‡∑ì‡∂∏‡∑ö ‡∂¥‡∑ä‚Äç‡∂ª‡∑Ä‡∑ò‡∂≠‡∑ä‡∂≠‡∑í ‡∑É‡∑è‡∂ö‡∂†‡∑ä‡∂°‡∑è‡∑Ä | 2025-09-16
2025-09-19 13:00:00+00:00,57,"September 2025, Sitha Nidi, Nidi Na",TV Derana,69.82920776289728,71,1,69.82920776289728,1,100.0,Kodukari (‡∂ö‡∑ù‡∂©‡∑î‡∂ö‡∑è‡∂ª‡∑í) | Episode 87 | 03rd September 2025
2025-09-19 13:00:00+00:00,58,"Ai Api, Api Sududa, Sududa ‡∂á‡∂∫‡∑í",Swarnavahini TV,1.3572580314925255e-99,22,1,1.3572580314925255e-99,0,0.0,Ai Api Sududa? (‡∂á‡∂∫‡∑í ‡∂Ö‡∂¥‡∑í ‡∑É‡∑î‡∂Ø‡∑î‡∂Ø?) | Episode 27 | 09th August 2025 | Swarnavahini
2025-09-19 13:00:00+00:00,59,"‡∑É‡∂Ø‡∑ä‡∂∞‡∂±‡∑ä‡∂≠‡∂∫‡∑è ‡∂∏‡∑í‡∂±‡∑í‡∑É‡∑ä‡∑É‡∑î, ‡∂≠‡∂∏‡∑è shorts, ‡∑É‡∂∏‡∂±‡∑ä‡∂≠‡∑î‡∂ª‡∑ö ‡∂ß‡∑Ä‡∑î‡∂±‡∑ä","Hiru News, ITN News, Newsfirst Sri Lanka",3.3281608559671074,53,8,3.3281608559671074,1,66.6,‡∂â‡∂Ω‡∑ä‡∂Ω‡∂±‡∑ä ‡∂ö‡∂±‡∑Ä‡∑è ‡∂ö‡∑í‡∂∫‡∂±‡∑ä‡∂±‡∑ö ‡∂ï‡∂ö‡∂ß ‡∂≠‡∂∏‡∑è üòÅüòÇ #shorts
